feature,rf_importance,mutual_info,perm_mean,r_rf,r_mi,r_perm,rank_mean
amount_new_house_transactions_log1p,0.9968110526978099,6.394674553381358,1.9579955825602453,1.0,1.0,1.0,1.0
amount_new_house_transactions_lag3,3.409533965937713e-05,0.49334640929209783,2.6193522018669314e-05,22.0,16.0,21.0,19.666666666666668
retail,4.054202079055784e-05,0.41257223025658396,2.8990236113624056e-05,18.0,34.0,19.0,23.666666666666668
bus_station_cnt,2.3725891299270846e-05,0.43209231138924586,3.1175822428630703e-05,34.0,26.0,18.0,26.0
supply_demand_ratio,2.2578275193491526e-05,0.3945763422566779,3.68130108455933e-05,36.0,41.0,14.0,30.333333333333332
area_new_house_transactions_lag1,1.271221557671547e-05,0.5161461665564921,3.642691099123851e-05,67.0,13.0,15.0,31.666666666666668
medical_health_pharmaceutical_healthcare,5.9453509757889107e-05,0.3890148332294192,1.2199894049835792e-05,13.0,46.0,42.0,33.666666666666664
amount_new_house_transactions_lag3_log1p,2.2483874661696875e-05,0.5018797148504337,9.265905872368752e-06,39.0,15.0,51.0,35.0
transportation_facilities_service_bus_station_dense,2.575726747204438e-05,0.39016004592001297,1.8153822063438074e-05,30.0,43.0,33.0,35.333333333333336
number_of_shops,3.236279879404558e-05,0.39605712976254814,1.1826675960791012e-05,23.0,40.0,43.0,35.333333333333336
supermarket_convenience_stores_dense,2.1365973509187796e-05,0.38177936847561744,3.925795210070193e-05,42.0,57.0,11.0,36.666666666666664
retail_dense,1.9786217461341567e-05,0.3962203866587597,1.383924355671251e-05,44.0,39.0,39.0,40.666666666666664
surrounding_shop_average_rent,2.180300808872585e-05,0.5195645074807222,2.646790977756108e-06,41.0,12.0,77.0,43.333333333333336
surrounding_housing_average_price,1.3639008298120628e-05,0.5120109337723173,7.054169920550634e-06,62.0,14.0,55.0,43.666666666666664
city_search_volume,0.00017983119577535186,0.213683996070265,0.00018080679316988534,2.0,128.0,3.0,44.333333333333336
amount_new_house_transactions_lag1,2.2511535714563647e-05,1.0888972512214208,1.482710496980566e-06,38.0,4.0,91.0,44.333333333333336
medical_health_specialty_hospital,3.765301589021703e-05,0.3634153648804772,1.0559968154388866e-05,20.0,64.0,50.0,44.666666666666664
num_new_house_transactions,2.3688235803034136e-05,1.0157341445509043,1.2562590375408967e-06,35.0,6.0,96.0,45.666666666666664
price_new_house_transactions_lag3_log1p,0.00014760570950980072,0.20891922078107505,0.00011767805347734361,3.0,132.0,4.0,46.333333333333336
shopping_centers_dense,2.9622161202931522e-05,0.29441185603285636,3.586462096182297e-05,27.0,96.0,17.0,46.666666666666664
num_new_house_transactions_roll3,6.1152380345400335e-06,0.6244072634557245,2.0759813225978974e-05,104.0,8.0,30.0,47.333333333333336
new_near_price_new_house_transactions_nearby_sectors_log1p,6.367467700637434e-05,0.2217234955106564,4.662871193990003e-05,12.0,127.0,9.0,49.333333333333336
leisure_entertainment_entertainment_venue_game_arcade_dense,4.7991331368004124e-05,0.2694189626611365,1.815220852287025e-05,15.0,104.0,34.0,51.0
new_near_total_price_per_unit_new_house_transactions_nearby_sectors,4.1772152139764666e-05,0.21303021738106498,6.500901436742312e-05,17.0,129.0,8.0,51.333333333333336
number_of_skincare_cosmetics_stores,2.0930861139173693e-05,0.2859971675783419,3.8125074753181386e-05,43.0,99.0,13.0,51.666666666666664
price_new_house_transactions_lag3,0.00012310431395401,0.18581308313163714,6.710898888608873e-05,6.0,145.0,7.0,52.666666666666664
home_appliance_stores_dense,1.9039919814205764e-05,0.35830841711639394,1.1448988044582275e-05,47.0,68.0,44.0,53.0
residential_commercial_dense,5.510625875573829e-05,0.18676804276132963,9.634053825962053e-05,14.0,143.0,5.0,54.0
price_new_house_transactions_lag1,0.00011481928457941979,0.1820242873477973,9.083113739831728e-05,7.0,149.0,6.0,54.0
area_new_house_transactions_lag3,1.0275797073006382e-05,0.3613742441565453,2.6131229199688465e-05,78.0,65.0,22.0,55.0
education_training_school_education_kindergarten_dense,1.7004021790025647e-05,0.3578070869697374,7.486692692804109e-06,50.0,69.0,54.0,57.666666666666664
num_new_house_transactions_lag1_log1p,3.536865195316766e-06,0.4743865574073336,2.6692879075218558e-05,138.0,17.0,20.0,58.333333333333336
education_training_school_education_middle_school_dense,1.3889186806727109e-05,0.33936935797545864,1.4679858765331844e-05,60.0,83.0,37.0,60.0
price_new_house_transactions_lag1_log1p,3.213624945491616e-05,0.18819582609324836,3.616950352884896e-05,24.0,142.0,16.0,60.666666666666664
new_near_total_price_per_unit_new_house_transactions_nearby_sectors_log1p,2.4577411961169153e-05,0.22238173393511307,2.4428014445709857e-05,33.0,126.0,25.0,61.333333333333336
other_stores_dense,2.1902998087647864e-05,0.2371674119095215,1.8864992531519854e-05,40.0,119.0,32.0,63.666666666666664
subway_station_cnt_dense,1.1667594304677036e-05,0.28444859527372257,2.5197018394162996e-05,69.0,100.0,24.0,64.33333333333333
area_new_house_transactions,1.0887629333423468e-05,1.2564655419396136,4.5237421568700143e-07,76.0,2.0,115.0,64.33333333333333
area_new_house_transactions_lag3_log1p,1.547261687647603e-05,0.3788235035137797,2.1532798140988517e-06,56.0,58.0,82.0,65.33333333333333
resident_population_dense,7.984133223705507e-06,0.3820292674514958,7.905883942216362e-06,88.0,55.0,53.0,65.33333333333333
education_training_school_education_middle_school,1.5957107291141764e-05,0.3575319154520735,2.5271230839507554e-06,53.0,70.0,78.0,67.0
pre_price_pre_owned_house_transactions_log1p,1.8541962922694957e-05,0.25139529516673065,1.0719225010857869e-05,48.0,111.0,46.0,68.33333333333333
hypermarkets_dense,2.2559332408977048e-05,0.16264579352020858,3.847989412660846e-05,37.0,158.0,12.0,69.0
education_training_school_education_primary_school,8.84811218766397e-06,0.3343062995420327,1.1132937742375226e-05,83.0,85.0,45.0,71.0
price_new_house_transactions_log1p,7.76801560863249e-06,0.2992258648669335,2.01692846247159e-05,90.0,94.0,31.0,71.66666666666667
pre_near_amount_pre_owned_house_transactions_nearby_sectors_log1p,3.1096690062631814e-05,0.1696761570694143,1.658150757914978e-05,25.0,155.0,35.0,71.66666666666667
pre_price_pre_owned_house_transactions,1.039146026047106e-05,0.2679857899819398,1.4558359212690775e-05,77.0,105.0,38.0,73.33333333333333
total_price_per_unit_new_house_transactions_log1p,6.45426679328811e-06,0.29710011423105076,2.2239096424669923e-05,101.0,95.0,29.0,75.0
residential_area_dense,8.296227731096326e-06,0.35645829619093217,3.6808477148153607e-06,87.0,72.0,70.0,76.33333333333333
surrounding_housing_average_price_log1p,4.7160929432238886e-06,0.4212904751959612,2.246213170531419e-06,120.0,30.0,81.0,77.0
new_near_area_per_unit_new_house_transactions_nearby_sectors_log1p,7.210548213232869e-05,0.14284315668276637,5.943596317670163e-06,9.0,164.0,58.0,77.0
service_stores_dense,6.876288929653256e-06,0.26176475547550027,2.2878133743964302e-05,99.0,108.0,27.0,78.0
pre_near_price_pre_owned_house_transactions_nearby_sectors,1.792457078528564e-05,0.19353279492282738,1.063536799456033e-05,49.0,138.0,49.0,78.66666666666667
period_new_house_sell_through,6.31603646736679e-06,0.2523121626811271,2.3288758325523684e-05,102.0,110.0,26.0,79.33333333333333
number_of_shopping_centers,1.473687110250662e-05,0.18824140953876123,1.2357551058073124e-05,59.0,141.0,41.0,80.33333333333333
rentable_shops,4.8488635209259435e-06,0.407854648376321,1.5333986593923932e-06,117.0,35.0,90.0,80.66666666666667
season,0.0001442519841689012,0.10385735061332602,0.00023252384802746606,4.0,240.0,2.0,82.0
residential_area,3.0946659440412877e-06,0.4168082561744737,3.3531022909261134e-06,145.0,31.0,71.0,82.33333333333333
number_of_supermarket_convenience_stores,3.3501311448196744e-06,0.3777710916614301,1.06834195860106e-05,140.0,59.0,48.0,82.33333333333333
office_building_dense,5.0551508133478625e-06,0.34390706742076294,6.2968096312565615e-06,114.0,78.0,57.0,83.0
leisure_entertainment_entertainment_venue_game_arcade,1.6558527896020123e-05,0.27389657444771,9.280061976313369e-07,51.0,103.0,106.0,86.66666666666667
num_new_house_available_for_sale,2.5705314221960645e-05,0.45475156746835044,-1.088411910699083e-06,31.0,22.0,207.0,86.66666666666667
new_near_period_new_house_sell_through_nearby_sectors,8.369178163265635e-06,0.16158138824281654,2.5378522046881625e-05,85.0,159.0,23.0,89.0
num_new_house_transactions_log1p,1.3221287995820479e-05,1.021276499534233,-6.853961148078902e-07,63.0,5.0,203.0,90.33333333333333
office_population,4.285582512921952e-06,0.37404190958257955,1.805152733569404e-06,129.0,60.0,86.0,91.66666666666667
transportation_facilities_service_subway_station,5.95152522113698e-06,0.343749014183405,1.6510107335054868e-06,107.0,80.0,89.0,92.0
number_of_jewelry_stores,1.3703293710775411e-05,0.279127993856366,1.5735071190459138e-07,61.0,101.0,125.0,95.66666666666667
medical_health_disease_prevention_institution_dense,3.853379862546302e-06,0.24496421801316526,1.3103034395134383e-05,133.0,114.0,40.0,95.66666666666667
leisure_and_entertainment_dense,2.685942756946214e-06,0.3986490392213806,1.2047984573548832e-06,153.0,38.0,97.0,96.0
new_near_area_per_unit_new_house_transactions_nearby_sectors,1.1007582049499694e-05,0.15528179447149615,3.0874590932317146e-06,74.0,161.0,73.0,102.66666666666667
area_new_house_transactions_log1p,7.362259080173359e-06,1.2286079943246468,-1.893751587456194e-06,91.0,3.0,218.0,104.0
new_near_price_new_house_transactions_nearby_sectors,7.2938681138496355e-06,0.21281606019206123,1.4141724161476076e-06,92.0,130.0,92.0,104.66666666666667
cityidx_number_of_industrial_enterprises_above_designated_size,1.1745899436350266e-05,0.13156152256489673,2.2787638362709028e-05,68.0,221.0,28.0,105.66666666666667
catering_food_stores_dense,1.995490564575069e-06,0.39344187115842066,6.217558219390185e-07,165.0,42.0,111.0,106.0
number_of_hypermarkets,1.100723947570119e-05,0.0987212169917242,4.0392463584570934e-05,75.0,241.0,10.0,108.66666666666667
population_scale,7.207784160663967e-06,0.4254254508918258,-1.5752315919437265e-06,93.0,28.0,214.0,111.66666666666667
new_near_num_new_house_transactions_nearby_sectors,5.097543504231813e-06,0.18440512741025028,3.038453521453377e-06,113.0,148.0,74.0,111.66666666666667
num_new_house_transactions_lag1,2.9513491481295122e-05,0.471849384625151,-5.1614217780249215e-05,28.0,18.0,291.0,112.33333333333333
medical_health_rehabilitation_institution_dense,1.2735178791439376e-05,0.3660661666461107,-2.7085155576145326e-06,66.0,63.0,220.0,116.33333333333333
transportation_facilities_service_bus_station,1.0499117157951796e-06,0.3989047617641943,3.7055911275007956e-07,200.0,37.0,119.0,118.66666666666667
cityidx_over_60_years_percent,5.1883876032205345e-06,0.13693726293376685,2.3668577454838414e-06,111.0,168.0,80.0,119.66666666666667
price_new_house_transactions,3.9872607799009046e-05,0.30150095017186995,-7.2226727636959255e-06,19.0,92.0,248.0,119.66666666666667
number_of_catering_food_stores,3.454104458643809e-07,0.4148798104428377,1.9610464719654885e-06,244.0,33.0,83.0,120.0
cityidx_number_of_primary_schools,9.442012594854535e-06,0.08860551038546927,1.559753932851571e-05,81.0,245.0,36.0,120.66666666666667
number_of_shops_dense,1.5093892203314694e-06,0.3843909884972492,1.3686824049674584e-07,185.0,50.0,128.0,121.0
commercial_buildings_dense,2.847566574435432e-06,0.29046799434854753,4.1372753346591294e-07,148.0,97.0,118.0,121.0
area_new_house_available_for_sale,3.1363709327392825e-06,0.46496920295252053,-5.097539251708305e-07,144.0,19.0,200.0,121.0
land_num_land_transactions_log1p,2.5362307063292726e-05,0.021196973233065464,4.853205356325496e-06,32.0,269.0,63.0,121.33333333333333
cityidx_year_end_total_employed_population_10k,3.724125216713103e-06,0.1377854913545571,4.618273728640432e-06,134.0,166.0,64.0,121.33333333333333
amount_new_house_transactions_lag1_log1p,8.340460869268998e-06,0.9996494934208355,-1.3416138643762566e-05,86.0,7.0,272.0,121.66666666666667
medical_health,1.1486726441607914e-05,0.42389387019407243,-1.1608998410461702e-05,70.0,29.0,267.0,122.0
education,5.527953700795508e-07,0.4527053689803391,4.338712987994597e-07,229.0,23.0,116.0,122.66666666666667
number_of_fashion_stores,7.476723029231354e-07,0.37366900081422916,1.1518658268316884e-06,212.0,61.0,99.0,124.0
catering,1.5008450089207081e-05,0.404695512106219,-2.2351439656920215e-05,57.0,36.0,282.0,125.0
hotel,4.71961126232618e-07,0.4438918489212509,3.314403196563731e-07,235.0,25.0,120.0,126.66666666666667
leisure_and_entertainment,5.149921327572245e-06,0.4565015622099491,-8.176562438588774e-06,112.0,21.0,251.0,128.0
medical_health_clinic_dense,5.9620780811271986e-06,0.38652374283703095,-4.0421990720629354e-06,106.0,48.0,230.0,128.0
number_of_department_stores,3.0526745179602044e-05,0.09649610305661938,4.338260079617129e-07,26.0,242.0,117.0,128.33333333333334
transportation_facilities_service_subway_station_dense,7.005421794959454e-07,0.325552202699285,2.4567685099841086e-06,217.0,89.0,79.0,128.33333333333334
unranked_malls_dense,5.332997108243471e-07,0.3829331388165724,1.0677442177198238e-06,231.0,53.0,103.0,129.0
rentable_shops_dense,6.827234879112479e-07,0.3696377264111761,5.167099763059291e-07,218.0,62.0,113.0,131.0
office_population_dense,1.5654485680549456e-06,0.4312226507468391,-9.516647191398775e-08,183.0,27.0,183.0,131.0
medical_health_general_hospital,5.56452960476498e-07,0.3550233040652273,1.3834324590344949e-06,228.0,73.0,93.0,131.33333333333334
number_of_leisure_and_entertainment_stores,1.9796135291732796e-06,0.15974277924365143,3.683355885786277e-06,166.0,160.0,69.0,131.66666666666666
pre_area_pre_owned_house_transactions_log1p,1.8334812647871906e-06,0.23928068281880677,8.805422109015027e-07,171.0,117.0,107.0,131.66666666666666
area_new_house_transactions_lag1_log1p,4.072118668442654e-06,0.5343982982776732,-8.761356895858884e-06,131.0,10.0,255.0,132.0
resident_population,4.039699658461779e-06,0.44597190457630687,-5.869089528887095e-06,132.0,24.0,242.0,132.66666666666666
medical_health_rehabilitation_institution,4.583115305299942e-06,0.415609785070957,-5.90683197833064e-06,123.0,32.0,244.0,133.0
pre_area_pre_owned_house_transactions,0.00013524242006736215,0.25252113411703725,-2.8027336192659735e-05,5.0,109.0,285.0,133.0
cityidx_gdp_per_capita_yuan,4.5493194413625685e-06,0.13058107848635103,8.579674883957278e-06,125.0,225.0,52.0,134.0
catering_dense,2.770323695218163e-06,0.38258995786541483,-3.9657811532478606e-07,151.0,54.0,198.0,134.33333333333334
leisure_entertainment_stores_dense,1.649947400580928e-05,0.2669019484477104,-6.785437732770294e-06,52.0,106.0,246.0,134.66666666666666
department_stores_dense,6.64922897410231e-05,0.18922806074567466,-9.820635849400184e-06,11.0,140.0,260.0,137.0
pre_amount_pre_owned_house_transactions,1.1076059564408995e-06,0.20925209093872077,1.9401659912210435e-06,199.0,131.0,84.0,138.0
bus_station_cnt_dense,2.289253675994148e-06,0.38969465409427784,-1.3190312476818456e-06,160.0,44.0,211.0,138.33333333333334
jewelry_stores_dense,1.6243071003138464e-06,0.2773435461049347,9.03266575202899e-08,180.0,102.0,133.0,138.33333333333334
total_price_per_unit_new_house_transactions,4.504925355781005e-06,0.30306861692839693,-4.1763600064914643e-07,126.0,91.0,199.0,138.66666666666666
education_training_school_education_kindergarten,4.850083657018033e-07,0.38576236346072745,4.368842273505535e-08,234.0,49.0,135.0,139.33333333333334
leisure_entertainment_cultural_venue_cultural_palace_dense,4.090535566175598e-07,0.30118980348008373,1.7291111657713466e-06,238.0,93.0,88.0,139.66666666666666
pre_num_pre_owned_house_transactions_log1p,9.409865135522632e-07,0.24591972726090017,9.91552250162453e-07,202.0,113.0,104.0,139.66666666666666
medical_health_general_hospital_dense,5.41975897556934e-07,0.35924088004022803,1.84481206144671e-07,230.0,67.0,124.0,140.33333333333334
subway_station_cnt,1.1933679040468514e-06,0.22460461674472665,1.0917930122089636e-06,196.0,124.0,102.0,140.66666666666666
area_per_unit_new_house_transactions,7.035740290844104e-05,0.23451667455857805,-0.00011011664976108282,10.0,120.0,294.0,141.33333333333334
commercial_area_dense,6.535933529399328e-07,0.34614928338745354,1.4631873674897377e-07,220.0,77.0,127.0,141.33333333333334
hotel_dense,3.2933648912935824e-06,0.34387406230594353,-7.265241978249293e-07,142.0,79.0,204.0,141.66666666666666
new_near_num_new_house_transactions_nearby_sectors_log1p,2.267708337772719e-06,0.18653010705059891,2.3517498612957155e-07,161.0,144.0,121.0,142.0
area_per_unit_new_house_transactions_log1p,4.665907994358102e-05,0.23143357019733646,-4.9388271086814314e-05,16.0,121.0,290.0,142.33333333333334
cityidx_tertiary_industry_development_gdp_share,3.1958476977719702e-06,0.13620256523148733,8.596519196601982e-07,143.0,178.0,108.0,143.0
num_new_house_transactions_lag3,4.631586622805346e-06,0.3475865528399593,-4.165309617931712e-06,122.0,76.0,232.0,143.33333333333334
land_construction_area,9.756380700601854e-06,0.015306813212315973,2.653555799136953e-06,79.0,278.0,76.0,144.33333333333334
num_new_house_transactions_roll3_log1p,3.0096237057958055e-06,0.6109848542939904,-1.9008718881574628e-05,146.0,9.0,279.0,144.66666666666666
medical_health_physical_examination_institution_dense,6.408635382091379e-07,0.18925403187236922,2.8866575017105765e-06,221.0,139.0,75.0,145.0
sector_coverage,2.899211740084013e-07,0.5309807935161652,-1.1897398577431772e-08,250.0,11.0,175.0,145.33333333333334
transportation_station_dense,2.3919121770185982e-06,0.3868833550202644,-4.167037929991846e-06,157.0,47.0,233.0,145.66666666666666
medical_health_specialty_hospital_dense,6.028807177074558e-07,0.3371921373829556,1.5296152475752222e-07,227.0,84.0,126.0,145.66666666666666
office_building,5.258347097932336e-06,0.3839912388318387,-1.639955372788604e-05,110.0,51.0,277.0,146.0
transportation_station,8.102067256676213e-07,0.4591064902037014,-1.572143157946293e-06,207.0,20.0,213.0,146.66666666666666
education_training_school_education_research_institution_dense,6.9857272507440365e-06,0.3276550578018149,-9.401879929504808e-06,96.0,86.0,258.0,146.66666666666666
commercial_area,4.446636037010216e-06,0.35300542908211163,-5.732774907485361e-06,128.0,74.0,239.0,147.0
education_training_school_education_primary_school_dense,4.806785611276611e-06,0.326928223747041,-5.649091038073539e-06,118.0,88.0,238.0,148.0
land_near_transaction_amount_nearby_sectors,4.639455736254439e-06,0.05374277217381085,4.085716413426699e-06,121.0,258.0,67.0,148.66666666666666
leisure_entertainment_entertainment_venue_party_house,7.649046260258095e-07,0.24299370160647404,2.0483951037597592e-07,210.0,116.0,122.0,149.33333333333334
skincare_cosmetics_stores_dense,2.316214871131696e-06,0.30492041976122275,-5.530854947477515e-07,159.0,90.0,202.0,150.33333333333334
new_near_num_new_house_available_for_sale_nearby_sectors,4.570062215951505e-06,0.20356269427338702,-2.8384344069598555e-07,124.0,134.0,195.0,151.0
medical_health_clinic,6.913641108830621e-06,0.35150467777533567,-1.963370298951883e-05,98.0,75.0,280.0,151.0
medical_health_dense,5.137565556321267e-07,0.38967137045760003,-1.6103930133848365e-08,233.0,45.0,177.0,151.66666666666666
new_near_amount_new_house_transactions_nearby_sectors_log1p,4.194096635664479e-06,0.20451571876592478,-2.295244367012117e-07,130.0,133.0,193.0,152.0
new_near_area_new_house_transactions_nearby_sectors_log1p,2.9397512094494426e-06,0.19780387106797814,-1.5570646116902508e-08,147.0,135.0,176.0,152.66666666666666
cityidx_national_population_share,1.9474607779025453e-06,0.10624487942166683,6.341631865813824e-06,167.0,238.0,56.0,153.66666666666666
cityidx_private_individual_ratio,1.6436706748616544e-06,0.1364774263153512,5.972263414033563e-07,178.0,172.0,112.0,154.0
num_new_house_transactions_lag3_log1p,7.847112942738106e-07,0.3613569107004029,-1.5474166696893833e-07,208.0,66.0,190.0,154.66666666666666
month_num,7.691187866549213e-05,0.11172227139695368,-3.0744796173154398e-06,8.0,235.0,222.0,155.0
population_scale_dense,2.080799007557703e-06,0.3833699747370254,-8.359078377051522e-06,163.0,52.0,252.0,155.66666666666666
pre_near_area_pre_owned_house_transactions_nearby_sectors_log1p,3.6117824341189066e-05,0.17368678334119014,-7.309608297089154e-05,21.0,153.0,293.0,155.66666666666666
cityidx_personal_income_tax_100m,1.7584754558369969e-06,0.13477113561011622,1.1374693358767729e-06,175.0,193.0,100.0,156.0
pre_amount_pre_owned_house_transactions_log1p,7.210867400102182e-07,0.22361702952380202,1.0001241390611426e-07,215.0,125.0,132.0,157.33333333333334
land_transaction_amount,5.499730521140092e-06,0.020097408414522677,1.3351536959915755e-06,108.0,271.0,94.0,157.66666666666666
pre_near_amount_pre_owned_house_transactions_nearby_sectors,1.1968069550345836e-06,0.16579103822903551,1.972628260737963e-07,195.0,156.0,123.0,158.0
cityidx_engel_coefficient,1.7093649062035332e-06,0.05931919466281288,1.0702962541886408e-05,176.0,254.0,47.0,159.0
medical_health_pharmaceutical_healthcare_dense,3.991703334836236e-07,0.35726025697337693,-6.5156945949773615e-09,239.0,71.0,170.0,160.0
new_near_area_new_house_transactions_nearby_sectors,3.6250199920876253e-06,0.19724167562403228,-1.284645272081608e-06,136.0,136.0,209.0,160.33333333333334
fashion_stores_dense,1.617249928955351e-06,0.3416082063761503,-2.1435034044170464e-06,181.0,81.0,219.0,160.33333333333334
land_transaction_amount_log1p,5.054646356740959e-06,0.019836473635230778,1.3060399281061841e-06,115.0,272.0,95.0,160.66666666666666
cityidx_number_of_middle_schools,9.376253840056118e-07,0.13174207521532688,4.879658217038507e-06,203.0,219.0,62.0,161.33333333333334
number_of_home_appliance_stores,2.6148936763450546e-06,0.34111427566893315,-7.773143425360284e-06,154.0,82.0,249.0,161.66666666666666
medical_health_physical_examination_institution,6.660088869303565e-07,0.14592411959732488,9.88717164096542e-07,219.0,163.0,105.0,162.33333333333334
education_dense,3.777757243393223e-07,0.38187716144182104,-2.0292640063868105e-07,242.0,56.0,192.0,163.33333333333334
number_of_residential_commercial,1.3682269396313492e-06,0.11272243772471646,4.320373871080641e-06,190.0,234.0,66.0,163.33333333333334
other_anchor_stores_dense,1.8519587265821753e-06,0.2873072027320469,-3.091429208712526e-06,170.0,98.0,223.0,163.66666666666666
pre_near_num_pre_owned_house_transactions_nearby_sectors,1.5944906510972168e-05,0.18037772065276592,-3.900511811629759e-05,54.0,150.0,288.0,164.0
cityidx_annual_average_wage_urban_non_private_on_duty_employees_yuan,1.7784750073520263e-06,0.13552782714234146,1.819150210469189e-08,174.0,181.0,137.0,164.0
cityidx_gdp_100m,7.599605697187047e-07,0.13107976879954375,5.85805970251263e-06,211.0,224.0,59.0,164.66666666666666
cityidx_year_end_urban_non_private_employees_10k,8.841085872080796e-07,0.12745468175066765,4.932016672565265e-06,205.0,228.0,61.0,164.66666666666666
cityidx_retail_sales_growth_rate,3.4450184284088026e-07,0.13480523447570558,5.531977125672327e-06,245.0,190.0,60.0,165.0
land_near_num_land_transactions_nearby_sectors,3.342957679253728e-06,0.05671803722612645,1.1854929259258462e-06,141.0,257.0,98.0,165.33333333333334
new_near_area_new_house_available_for_sale_nearby_sectors,6.0427228808135436e-06,0.2251679048913502,-1.2619373000455347e-05,105.0,122.0,269.0,165.33333333333334
pre_near_area_pre_owned_house_transactions_nearby_sectors,1.5821479942927807e-05,0.1644608359636246,-3.233062391281294e-05,55.0,157.0,287.0,166.33333333333334
cityidx_primary_school_students_10k,7.076987522221034e-06,0.13631948254837445,-4.059647452470117e-06,95.0,174.0,231.0,166.66666666666666
medical_health_disease_prevention_institution,2.1341167075657513e-06,0.19671090807679237,-5.480097260757155e-07,162.0,137.0,201.0,166.66666666666666
pre_near_num_pre_owned_house_transactions_nearby_sectors_log1p,1.2765423511519485e-05,0.17960820494415497,-3.150298748709757e-05,65.0,151.0,286.0,167.33333333333334
transportation_facilities_service_train_station,8.94189237398271e-07,0.10870912893051177,4.460471907963281e-06,204.0,237.0,65.0,168.66666666666666
new_near_amount_new_house_transactions_nearby_sectors,1.6335245232348835e-06,0.18570557740256888,-9.938737345338567e-08,179.0,146.0,184.0,169.66666666666666
cityidx_number_of_operating_bus_lines,1.1409533702537138e-05,0.13628330758240015,-1.0601106935559378e-05,71.0,175.0,263.0,169.66666666666666
leisure_entertainment_cultural_venue_cultural_palace,6.296444125962471e-07,0.2659202161367773,-6.257163293055257e-08,223.0,107.0,182.0,170.66666666666666
education_training_school_education_research_institution,2.5295593323830962e-06,0.3272314773032381,-1.3214871192623878e-05,155.0,87.0,271.0,171.0
medical_health_first_aid_center_dense,7.716256629171293e-07,0.10969317173914339,3.844174689848767e-06,209.0,236.0,68.0,171.0
cityidx_urban_consumer_price_index_previous_year_100,1.9209623163215242e-05,0.13548403773500572,-2.3575538409215114e-05,46.0,183.0,284.0,171.0
number_of_other_stores,5.32838081930117e-07,0.18446700919558667,3.470028986374274e-09,232.0,147.0,140.0,173.0
cityidx_gdp_population_ratio,2.7911743970825823e-05,0.134223226227832,-5.19228255864701e-05,29.0,199.0,292.0,173.33333333333334
number_of_other_anchor_stores,4.879468088903612e-06,0.17630463907075455,-8.544734945814535e-06,116.0,152.0,254.0,174.0
pre_num_pre_owned_house_transactions,1.2212735549148575e-06,0.2462940409255827,-3.248236840125429e-06,193.0,112.0,224.0,176.33333333333334
cityidx_per_capita_disposable_income_index_previous_year_100,1.951981912243298e-05,0.13417088794836918,-4.818127606264211e-05,45.0,200.0,289.0,178.0
cityidx_18_60_years_percent,1.1363040239849784e-05,0.1354941829410592,-2.3310486021255182e-05,72.0,182.0,283.0,179.0
cityidx_total_retail_sales_of_consumer_goods_100m,1.4141387677810873e-06,0.13207106176492678,3.28399984650396e-08,187.0,215.0,136.0,179.33333333333334
cityidx_urban_consumer_price_index_previous_year_100_log1p,1.4947942713256171e-05,0.12608458983426463,-8.001030351589833e-06,58.0,230.0,250.0,179.33333333333334
cityidx_middle_school_students_10k,6.28074039884312e-06,0.1362742934756418,-1.0479914094407849e-05,103.0,176.0,261.0,180.0
leisure_entertainment_entertainment_venue_party_house_dense,4.480057912599019e-07,0.24322305109510012,-1.9551499081948974e-07,236.0,115.0,191.0,180.66666666666666
cityidx_secondary_industry_development_gdp_share,7.150612290275294e-06,0.13613982462754493,-1.2640046570788766e-05,94.0,179.0,270.0,181.0
cityidx_doctors_10k,1.1136426037308857e-05,0.13452253071418152,-1.6239046579369364e-05,73.0,197.0,276.0,182.0
cityidx_primary_industry_100m,2.812737662797449e-06,0.13638880092074057,-3.495287925214807e-06,149.0,173.0,225.0,182.33333333333334
cityidx_education_expenditure_10k,4.765911533071391e-06,0.13676783441848972,-9.46566700279483e-06,119.0,170.0,259.0,182.66666666666666
cityidx_primary_industry_percent,6.980702833382558e-06,0.13554804030488965,-1.5731315216271913e-05,97.0,180.0,275.0,184.0
cityidx_per_capita_urban_road_area_sqm,9.48914518939247e-06,0.1336732699771317,-1.1464391382864925e-05,80.0,209.0,265.0,184.66666666666666
cityidx_secondary_industry_100m,8.823792344161104e-06,0.13194647686227956,-8.454777168065419e-06,84.0,217.0,253.0,184.66666666666666
number_of_unranked_malls,7.087336283691672e-07,0.23774327960604458,-3.00764162513012e-06,216.0,118.0,221.0,185.0
land_num_land_transactions,9.324856915525257e-06,0.02039984804051831,-8.476575656279905e-07,82.0,270.0,206.0,186.0
number_of_service_stores,1.462207989322464e-07,0.22466279415997192,-3.88254027927637e-08,256.0,123.0,180.0,186.33333333333334
cityidx_18_60_years_10k,3.9039455156409544e-07,0.1319921653109497,8.302333921683669e-07,240.0,216.0,109.0,188.33333333333334
cityidx_national_year_end_total_population_10k,4.461149996525598e-06,0.11352582371239706,-7.526512419753218e-07,127.0,233.0,205.0,188.33333333333334
community_malls_dense,2.2032730037789738e-07,0.09641717130362482,3.1301992236665297e-06,252.0,243.0,72.0,189.0
cityidx_hospital_beds_10k,3.6108180968705455e-06,0.13440443036076966,-4.8027472592693245e-06,137.0,198.0,234.0,189.66666666666666
cityidx_number_of_kindergartens,1.8736382896135206e-06,0.1339263269423121,-3.7173275371227275e-07,169.0,203.0,197.0,189.66666666666666
cityidx_per_capita_housing_area_sqm,1.3066331339555555e-05,0.12868963918717702,-1.9728486871528616e-05,64.0,227.0,281.0,190.66666666666666
pre_near_price_pre_owned_house_transactions_nearby_sectors_log1p,2.790588375154283e-06,0.1720520163283661,-1.176018444050131e-05,150.0,154.0,268.0,190.66666666666666
cityidx_university_students_10k,3.3817025360374775e-07,0.13479022865724666,1.4534637915453174e-08,247.0,192.0,138.0,192.33333333333334
cityidx_national_economic_primacy,1.365491762579218e-07,0.1347937879973662,1.2381788032644893e-07,258.0,191.0,129.0,192.66666666666666
transportation_facilities_service_port_terminal_dense,3.776419701059185e-07,0.06698044353187993,1.818875823178523e-06,243.0,251.0,85.0,193.0
cityidx_white_collar_service_vs_blue_collar_manufacturing_ratio,5.380429281007026e-06,0.1255103958478876,-5.859686264875208e-06,109.0,231.0,241.0,193.66666666666666
cityidx_national_gdp_100m,1.937461907695099e-06,0.13508886704113587,-3.7091829274027434e-06,168.0,188.0,226.0,194.0
number_of_community_malls,3.885737733614242e-07,0.05783491827371767,1.7346425537523302e-06,241.0,255.0,87.0,194.33333333333334
cityidx_tertiary_industry_percent,7.433805128758002e-07,0.13389696658416517,-8.788069938425736e-10,213.0,204.0,166.0,194.33333333333334
cityidx_per_capita_disposable_income_absolute_yuan,2.468990844220082e-06,0.13321813362201063,-1.7076278322702977e-06,156.0,212.0,216.0,194.66666666666666
cityidx_under_18_10k,9.56534898519232e-08,0.13468935733642384,1.0804905389294462e-07,261.0,194.0,131.0,195.33333333333334
cityidx_resident_registered_ratio,1.7918480095943958e-07,0.1338963991472415,1.111631768857535e-07,253.0,205.0,130.0,196.0
cityidx_year_end_resident_population_10k,6.222503416187482e-07,0.12629444428075054,7.585947976451735e-08,225.0,229.0,134.0,196.0
cityidx_per_capita_personal_income_tax_yuan,1.6807532075102673e-06,0.13547254869451564,-3.935635867180487e-06,177.0,184.0,229.0,196.66666666666666
cityidx_secondary_industry_percent,7.797876091333516e-06,0.13129987531234733,-1.7031591130922674e-05,89.0,223.0,278.0,196.66666666666666
cityidx_employed_population,7.355900675067842e-07,0.13688732246209945,-1.1435916750790476e-06,214.0,169.0,208.0,197.0
cityidx_total_households_10k,1.1461007280187584e-06,0.13393191873744614,-2.4947101511241244e-07,197.0,202.0,194.0,197.66666666666666
cityidx_hospitals_health_centers,1.397550756834124e-06,0.1362209865866051,-3.8529210750426476e-06,189.0,177.0,227.0,197.66666666666666
land_near_num_land_transactions_nearby_sectors_log1p,4.458700053524686e-07,0.057793038903888094,1.117219484192411e-06,237.0,256.0,101.0,198.0
land_near_planned_building_area_nearby_sectors,6.230001498470352e-07,0.044459009470511734,7.685065370188759e-07,224.0,261.0,110.0,198.33333333333334
cityidx_annual_average_wage_urban_non_private_employees_yuan,3.712246157690354e-06,0.13524172816223823,-1.5036575754001636e-05,135.0,186.0,274.0,198.33333333333334
cityidx_general_public_budget_expenditure_100m,6.598748046834702e-06,0.1198483950772995,-1.1031052424714804e-05,100.0,232.0,264.0,198.66666666666666
number_of_commercial_buildings,1.3487121845229978e-06,0.15002327097298718,-6.018244436378772e-06,191.0,162.0,245.0,199.33333333333334
office_building_commercial_dense,1.2309370415673732e-07,0.13758797222289787,-1.030514141797667e-08,259.0,167.0,173.0,199.66666666666666
cityidx_internet_broadband_access_ratio,2.3750207471559617e-06,0.13509186107666737,-8.826645819992595e-06,158.0,187.0,256.0,200.33333333333334
cityidx_under_18_percent,2.75799104546899e-06,0.13363548025758698,-6.865825905244538e-06,152.0,210.0,247.0,203.0
cityidx_total,1.4111283078791848e-06,0.13397773082800057,-3.8610441583486475e-06,188.0,201.0,228.0,205.66666666666666
cityidx_total_current_assets_10k,1.7810304723634034e-06,0.1349505802297446,-9.150394297940956e-06,173.0,189.0,257.0,206.33333333333334
medical_health_blood_donation_station_dense,1.8021180693512074e-08,0.13544616255724318,-5.0162767384343e-09,268.0,185.0,169.0,207.33333333333334
cityidx_road_length_km,1.5789914590430016e-06,0.13384026573727947,-5.121918792105884e-06,182.0,207.0,235.0,208.0
community_winner_malls_dense,1.0263756974079688e-06,0.10416250059287502,-1.232576442578015e-07,201.0,239.0,185.0,208.33333333333334
medical_health_blood_donation_station,8.136505718838134e-07,0.0945707701007461,-2.108523973198828e-08,206.0,244.0,179.0,209.66666666666666
transportation_facilities_service_train_station_dense,1.7968021777322103e-06,0.08227758141935726,-1.3158248739486567e-06,172.0,248.0,210.0,210.0
land_near_construction_area_nearby_sectors,2.894021775448557e-07,0.03681456048774745,5.002639122841934e-07,251.0,265.0,114.0,210.0
cityidx_health_technical_personnel_10k,1.5429849772579873e-06,0.13386018426980328,-5.804704963496831e-06,184.0,206.0,240.0,210.0
cityidx_private_individual_and_other_employees_10k,3.095786245345487e-07,0.13901302130270343,-1.748313619653885e-06,249.0,165.0,217.0,210.33333333333334
cityidx_tertiary_industry_100m,3.4301950582682844e-06,0.13158261016888906,-1.4502240643077257e-05,139.0,220.0,273.0,210.66666666666666
cityidx_number_of_universities,1.4461286313163401e-06,0.13250084763486392,-5.2343872712357076e-06,186.0,213.0,236.0,211.66666666666666
medical_health_tcm_hospital_dense,1.2000646530817154e-08,0.13006443653061495,6.868454127673118e-09,271.0,226.0,139.0,212.0
cityidx_operating_bus_line_length_km,5.858961757395549e-08,0.1345960923254288,-1.9741767687264654e-08,264.0,196.0,178.0,212.66666666666666
cityidx_internet_broadband_access_subscribers_10k,1.6315715278306513e-07,0.13460144085718628,-1.4890881092632923e-07,255.0,195.0,189.0,213.0
cityidx_over_60_years_10k,1.6412264468097436e-07,0.13666255395316496,-1.6648666959384606e-06,254.0,171.0,215.0,213.33333333333334
cityidx_road_area_10k_sqm,1.2779762247691752e-06,0.13140449070949112,-5.5923797676826755e-06,192.0,222.0,237.0,217.0
cityidx_year_end_registered_population_10k,3.423137739008839e-08,0.13383371026823898,-4.7272296754830026e-08,265.0,208.0,181.0,218.0
transportation_facilities_service_long_distance_bus_station_dense,7.508250058260095e-08,0.081542490990401,8.52519399519025e-10,263.0,249.0,143.0,218.33333333333334
number_of_office_building_commercial,6.360353594549863e-07,0.0858569374072824,-1.2419847391642592e-07,222.0,247.0,186.0,218.33333333333334
cityidx_kindergarten_students_10k,1.4501237934584337e-07,0.13332500606426745,-1.4513228451251693e-07,257.0,211.0,188.0,218.66666666666666
medical_health_first_aid_center,2.0739693979014246e-06,0.0702769364725766,-5.8888724179695375e-06,164.0,250.0,243.0,219.0
cityidx_general_public_budget_revenue_100m,3.340852836295192e-07,0.13182632241585823,-2.8540285306188907e-07,248.0,218.0,196.0,220.66666666666666
cityidx_residential_development_investment_completed_10k,6.190917944864018e-07,0.018282236947027686,-3.6757726862290953e-10,226.0,276.0,165.0,222.33333333333334
cityidx_science_expenditure_10k,1.197557989455604e-06,0.13217736270845926,-1.0572225088933962e-05,194.0,214.0,262.0,223.33333333333334
lifestyle_leisure_stores_dense,4.317345417810346e-10,0.05253507038694072,7.173515115255214e-11,274.0,259.0,144.0,225.66666666666666
medical_health_tcm_hospital,1.0275770820477041e-07,0.0866379316749224,-6.773493987921597e-09,260.0,246.0,171.0,225.66666666666666
cityidx_real_estate_development_investment_completed_10k,1.6371219255083547e-08,0.018291628228204404,1.5299568945081887e-09,269.0,275.0,141.0,228.33333333333334
land_planned_building_area,2.5503339256373364e-08,0.017250296917995955,1.0830068730705022e-09,266.0,277.0,142.0,228.33333333333334
medical_health_veterinary_station_dense,2.7233242929034634e-10,0.03307185766241094,2.2531942978076815e-11,275.0,266.0,145.0,228.66666666666666
transportation_facilities_service_airport_related,6.190288196102622e-11,0.03732010033649957,3.5190739211543585e-13,277.0,263.0,147.0,229.0
number_of_community_winner_malls,1.1145175579114248e-08,0.06260872466289125,-4.686624610616974e-09,272.0,253.0,168.0,231.0
land_near_transaction_amount_nearby_sectors_log1p,3.4240243083719823e-07,0.04225022666766609,-1.4012142323105438e-07,246.0,262.0,187.0,231.66666666666666
transportation_facilities_service_long_distance_bus_station,1.47333216563731e-08,0.05071186787259996,-7.930072942752275e-09,270.0,260.0,172.0,234.0
number_of_city_winner_malls,2.440420551667102e-11,0.00998080190452566,2.2217894191101094e-12,279.0,279.0,146.0,234.66666666666666
transportation_facilities_service_airport_related_dense,4.539608460522078e-11,0.03732010033649957,-6.176392730594671e-13,278.0,263.0,163.0,234.66666666666666
city_winner_malls_dense,5.383306311938534e-12,0.00998080190452566,2.6056934387952424e-13,280.0,279.0,148.0,235.66666666666666
number_of_lifestyle_leisure_stores,1.9556664632037225e-08,0.026919275004459786,-1.0578099185476474e-08,267.0,267.0,174.0,236.0
medical_health_veterinary_station,1.4818330521613592e-10,0.026325384771710425,-7.339340246659275e-12,276.0,268.0,164.0,236.0
cityidx_main_business_taxes_and_surcharges_10k,7.072323685842472e-09,0.018296512845674018,-2.3319947639599548e-09,273.0,274.0,167.0,238.0
number_of_second_tier_shopping_malls_in_business_district,5.1649761818581383e-14,0.0046253828412858855,5.895284260759581e-14,284.0,281.0,149.0,238.0
transportation_facilities_service_port_terminal,1.119481471388402e-06,0.06422860420187315,-1.1605000398495769e-05,198.0,252.0,266.0,238.66666666666666
shopping_malls_with_street_facing_shops_dense,0.0,1.2212453270876722e-15,0.0,287.0,287.0,150.0,241.33333333333334
office_building_industrial_building_industrial_building,0.0,1.2212453270876722e-15,0.0,287.0,287.0,150.0,241.33333333333334
office_building_industrial_building_industrial_building_dense,0.0,1.2212453270876722e-15,0.0,287.0,287.0,150.0,241.33333333333334
transportation_facilities_service_light_rail_station_dense,0.0,1.2212453270876722e-15,0.0,287.0,287.0,150.0,241.33333333333334
number_of_key_focus_malls,0.0,1.2212453270876722e-15,0.0,287.0,287.0,150.0,241.33333333333334
transportation_facilities_service_light_rail_station,0.0,1.2212453270876722e-15,0.0,287.0,287.0,150.0,241.33333333333334
key_focus_malls_dense,0.0,1.2212453270876722e-15,0.0,287.0,287.0,150.0,241.33333333333334
number_of_shopping_malls_with_street_facing_shops,0.0,1.2212453270876722e-15,0.0,287.0,287.0,150.0,241.33333333333334
number_of_hotel_commercial,1.3289147538403562e-12,0.0033036477325927294,-1.2212453270876723e-16,282.0,285.0,158.0,241.66666666666666
hotel_commercial_dense,2.1008446052118853e-12,0.0033036477325927294,-4.4741987892393805e-15,281.0,285.0,159.0,241.66666666666666
second_tier_shopping_malls_in_business_district_dense,6.23717473858502e-14,0.0046253828412858855,-2.9531932455029164e-14,283.0,281.0,162.0,242.0
third_tier_shopping_malls_in_business_district_dense,3.1243995453059594e-14,0.0046253828412858855,-1.4876988529977098e-14,285.0,281.0,160.0,242.0
number_of_third_tier_shopping_malls_in_business_district,1.515914965997401e-15,0.0046253828412858855,-1.4876988529977098e-14,286.0,281.0,160.0,242.33333333333334
cityidx_total_fixed_assets_10k,8.51850877525882e-08,0.018299637161864668,-1.4913090734092194e-06,262.0,273.0,212.0,249.0
